{
  "properties": {
    "connectionReferences": {},
    "definition": {
      "$schema": "https://schema.management.azure.com/providers/Microsoft.Logic/schemas/2016-06-01/workflowdefinition.json#",
      "contentVersion": "1.0.0.0",
      "parameters": {
        "$authentication": {
          "defaultValue": {},
          "type": "SecureObject"
        },
        "$connections": {
          "defaultValue": {},
          "type": "Object"
        }
      },
      "triggers": {
        "manual": {
          "metadata": {
            "operationMetadataId": "9c4f5e35-2c90-42ab-b89a-c53cbdca58d6"
          },
          "type": "Request",
          "kind": "PowerAppV2",
          "inputs": {
            "schema": {
              "type": "object",
              "properties": {
                "text": {
                  "title": "App_ID",
                  "type": "string",
                  "x-ms-dynamically-added": true,
                  "description": "Please enter your input",
                  "x-ms-content-hint": "TEXT"
                },
                "text_1": {
                  "title": "App_Secret",
                  "type": "string",
                  "x-ms-dynamically-added": true,
                  "description": "Please enter your input",
                  "x-ms-content-hint": "TEXT"
                },
                "text_2": {
                  "title": "Url",
                  "type": "string",
                  "x-ms-dynamically-added": true,
                  "description": "Please enter your input",
                  "x-ms-content-hint": "TEXT"
                },
                "text_3": {
                  "title": "Content_Type",
                  "type": "string",
                  "x-ms-dynamically-added": true,
                  "description": "Please enter your input",
                  "x-ms-content-hint": "TEXT"
                },
                "text_4": {
                  "description": "Please enter your input",
                  "title": "Tenant_id",
                  "type": "string",
                  "x-ms-content-hint": "TEXT",
                  "x-ms-dynamically-added": true
                }
              },
              "required": [
                "text",
                "text_1",
                "text_2",
                "text_3",
                "text_4"
              ]
            }
          }
        }
      },
      "actions": {
        "Respond_to_a_Power_App_or_flow": {
          "runAfter": {
            "Compose_-_Access_Token": [
              "Succeeded"
            ]
          },
          "metadata": {
            "operationMetadataId": "23ac5dc5-266a-458a-b378-1a0d5eb7f624"
          },
          "type": "Response",
          "kind": "PowerApp",
          "inputs": {
            "schema": {
              "type": "object",
              "properties": {
                "access_token": {
                  "title": "Access_Token",
                  "x-ms-dynamically-added": true,
                  "type": "string"
                }
              },
              "additionalProperties": {}
            },
            "statusCode": 200,
            "body": {
              "access_token": "@outputs('Compose_-_Access_Token')"
            }
          }
        },
        "HTTP": {
          "runAfter": {},
          "metadata": {
            "operationMetadataId": "c9888a59-9400-44f8-bbea-fbcc4fa20ff4"
          },
          "type": "Http",
          "inputs": {
            "uri": "@triggerBody()?['text_2']",
            "method": "POST",
            "headers": {
              "Content-Type": "@{triggerBody()?['text_3']}"
            },
            "body": "\ngrant_type=client_credentials&client_id=@{triggerBody()?['text']}&client_secret=@{triggerBody()?['text_1']}&scope=https://graph.microsoft.com/.default"
          },
          "runtimeConfiguration": {
            "contentTransfer": {
              "transferMode": "Chunked"
            }
          }
        },
        "Compose_-_Access_Token": {
          "runAfter": {
            "HTTP": [
              "Succeeded"
            ]
          },
          "type": "Compose",
          "inputs": "@body('HTTP')?['access_token']"
        }
      }
    },
    "templateName": null
  },
  "schemaVersion": "1.0.0.0"
}