{
  "properties": {
    "connectionReferences": {},
    "definition": {
      "$schema": "https://schema.management.azure.com/providers/Microsoft.Logic/schemas/2016-06-01/workflowdefinition.json#",
      "contentVersion": "1.0.0.0",
      "parameters": {
        "$authentication": {
          "defaultValue": {},
          "type": "SecureObject"
        }
      },
      "triggers": {
        "manual": {
          "metadata": {
            "operationMetadataId": "9c4f5e35-2c90-42ab-b89a-c53cbdca58d6"
          },
          "type": "Request",
          "kind": "PowerAppV2",
          "inputs": {
            "schema": {
              "type": "object",
              "properties": {
                "text_2": {
                  "title": "Url",
                  "type": "string",
                  "x-ms-dynamically-added": true,
                  "description": "Please enter your input",
                  "x-ms-content-hint": "TEXT"
                },
                "text_3": {
                  "title": "Content_Type",
                  "type": "string",
                  "x-ms-dynamically-added": true,
                  "description": "Please enter your input",
                  "x-ms-content-hint": "TEXT"
                },
                "text": {
                  "description": "Please enter your input",
                  "title": "Token",
                  "type": "string",
                  "x-ms-content-hint": "TEXT",
                  "x-ms-dynamically-added": true
                }
              },
              "required": [
                "text_2",
                "text_3",
                "text"
              ]
            }
          }
        }
      },
      "actions": {
        "HTTP": {
          "runAfter": {},
          "metadata": {
            "operationMetadataId": "c9888a59-9400-44f8-bbea-fbcc4fa20ff4"
          },
          "type": "Http",
          "inputs": {
            "method": "GET",
            "uri": "@triggerBody()?['text_2']",
            "headers": {
              "Content-Type": "@{triggerBody()?['text_3']}",
              "Authorization": "Bearer @{triggerBody()?['text']}"
            }
          },
          "runtimeConfiguration": {
            "contentTransfer": {
              "transferMode": "Chunked"
            }
          }
        },
        "Response": {
          "runAfter": {
            "HTTP": [
              "Succeeded"
            ]
          },
          "metadata": {
            "operationMetadataId": "64b2fe19-02f0-4168-9938-90d666a9584c"
          },
          "type": "Response",
          "kind": "Http",
          "inputs": {
            "statusCode": 200,
            "body": "@body('HTTP')",
            "schema": {
              "type": "object",
              "properties": {
                "@@odata.context": {
                  "type": "string"
                },
                "value": {
                  "type": "array",
                  "items": {
                    "type": "object",
                    "properties": {
                      "id": {
                        "type": "string"
                      },
                      "grantedToIdentitiesV2": {
                        "type": "array",
                        "items": {
                          "type": "object",
                          "properties": {
                            "application": {
                              "type": "object",
                              "properties": {
                                "displayName": {
                                  "type": "string"
                                },
                                "id": {
                                  "type": "string"
                                }
                              }
                            }
                          },
                          "required": [
                            "application"
                          ]
                        }
                      },
                      "grantedToIdentities": {
                        "type": "array",
                        "items": {
                          "type": "object",
                          "properties": {
                            "application": {
                              "type": "object",
                              "properties": {
                                "displayName": {
                                  "type": "string"
                                },
                                "id": {
                                  "type": "string"
                                }
                              }
                            }
                          },
                          "required": [
                            "application"
                          ]
                        }
                      }
                    },
                    "required": [
                      "id",
                      "grantedToIdentitiesV2",
                      "grantedToIdentities"
                    ]
                  }
                }
              }
            }
          }
        }
      }
    },
    "templateName": ""
  },
  "schemaVersion": "1.0.0.0"
}