{
  "properties": {
    "connectionReferences": {},
    "definition": {
      "$schema": "https://schema.management.azure.com/providers/Microsoft.Logic/schemas/2016-06-01/workflowdefinition.json#",
      "contentVersion": "1.0.0.0",
      "parameters": {
        "$authentication": {
          "defaultValue": {},
          "type": "SecureObject"
        }
      },
      "triggers": {
        "manual": {
          "metadata": {
            "operationMetadataId": "7568f45a-289c-41bd-af7c-88eed2b74d35"
          },
          "type": "Request",
          "kind": "Button",
          "inputs": {
            "schema": {
              "type": "object",
              "properties": {},
              "required": []
            }
          }
        }
      },
      "actions": {
        "HTTP": {
          "runAfter": {
            "Compose_2": [
              "TimedOut"
            ]
          },
          "metadata": {
            "operationMetadataId": "4f82008d-cf1b-4c56-83fe-7b437f6595fd"
          },
          "type": "Http",
          "inputs": {
            "method": "POST",
            "uri": "https://get-date.azurewebsites.net/api/httptrigger1",
            "headers": {
              "content-type": "application/json"
            },
            "body": {
              "address": [
                "facebook.com",
                "king.geek.nz",
                "8.8.8.8",
                "sdf.org",
                "corrotos.com",
                "1.1.1.1"
              ]
            }
          }
        },
        "Compose": {
          "runAfter": {
            "HTTP": [
              "Succeeded"
            ]
          },
          "metadata": {
            "operationMetadataId": "171c61e9-c65c-450e-89f0-4f91841278a0"
          },
          "type": "Compose",
          "inputs": "ss"
        },
        "HTTP_2": {
          "runAfter": {},
          "metadata": {
            "operationMetadataId": "4f82008d-cf1b-4c56-83fe-7b437f6595fd"
          },
          "type": "Http",
          "inputs": {
            "method": "POST",
            "uri": "https://get-date.azurewebsites.net/api/httptrigger3",
            "headers": {
              "content-type": "application/json"
            },
            "body": {
              "men": [
                "jay",
                "kingstone",
                "Harry",
                "Perry",
                "Nora",
                "Alesso"
              ]
            },
            "authentication": {
              "type": "ActiveDirectoryOAuth",
              "authority": "https://login.microsoftonline.com",
              "tenant": "8a65bfba-9c1f-4702-9474-d85b2f5eb583",
              "audience": "api://09818969-4984-41bc-b8a9-a9b52bda4923",
              "clientId": "09818969-4984-41bc-b8a9-a9b52bda4923",
              "secret": "Jsh8Q~O87SSoH-VQIoVUyr3.VXC3DmBlce120b0P"
            }
          }
        },
        "Compose_2": {
          "runAfter": {
            "HTTP_2": [
              "Succeeded"
            ]
          },
          "metadata": {
            "operationMetadataId": "84303598-c0ab-44d9-a023-49843c5da760"
          },
          "type": "Compose",
          "inputs": "@body('HTTP_2')"
        }
      }
    },
    "templateName": ""
  },
  "schemaVersion": "1.0.0.0"
}